symbol,timestamp,open,high,low,close,volume,trade_count,vwap
AAPL,2023-01-03 05:00:00+00:00,130.28,130.9,124.17,125.07,124289279.0,1021067.0,125.660032
AAPL,2023-01-04 05:00:00+00:00,126.89,128.6557,125.08,126.36,95426133.0,770045.0,126.643011
AAPL,2023-01-05 05:00:00+00:00,127.13,127.77,124.76,125.02,88344592.0,665463.0,126.006961
AAPL,2023-01-06 05:00:00+00:00,126.01,130.29,124.89,129.62,96468673.0,709888.0,128.362627
AAPL,2023-01-09 05:00:00+00:00,130.465,133.41,129.89,130.15,76653608.0,645367.0,131.545593
AAPL,2023-01-10 05:00:00+00:00,130.26,131.2636,128.12,130.73,68415086.0,554942.0,129.870967
AAPL,2023-01-11 05:00:00+00:00,131.25,133.51,130.46,133.49,77043246.0,561280.0,132.422077
AAPL,2023-01-12 05:00:00+00:00,133.88,134.26,131.44,133.41,77698366.0,635333.0,133.178793
AAPL,2023-01-13 05:00:00+00:00,132.03,134.92,131.66,134.76,63045132.0,535781.0,133.76503
AAPL,2023-01-17 05:00:00+00:00,134.83,137.29,134.13,135.94,69852271.0,595834.0,135.764039
AAPL,2023-01-18 05:00:00+00:00,136.815,138.61,135.03,135.21,76916867.0,578306.0,136.262015
AAPL,2023-01-19 05:00:00+00:00,134.08,136.25,133.77,135.27,64511998.0,491676.0,134.998543
AAPL,2023-01-20 05:00:00+00:00,135.28,138.02,134.22,137.87,95933363.0,549630.0,136.459561
AAPL,2023-01-23 05:00:00+00:00,138.12,143.315,137.9,141.11,87527661.0,719290.0,141.227955
AAPL,2023-01-24 05:00:00+00:00,140.305,143.16,140.3,142.53,70642466.0,498681.0,142.124333
AAPL,2023-01-25 05:00:00+00:00,140.89,142.43,138.81,141.86,70336488.0,536507.0,140.779785
AAPL,2023-01-26 05:00:00+00:00,143.17,144.25,141.9,143.96,59721341.0,472137.0,143.395796
AAPL,2023-01-27 05:00:00+00:00,143.155,147.23,143.08,145.93,77521002.0,558426.0,145.832562
AAPL,2023-01-30 05:00:00+00:00,144.955,145.55,142.85,143.0,69935435.0,551112.0,143.608922
AAPL,2023-01-31 05:00:00+00:00,142.7,144.34,142.28,144.29,81087730.0,468172.0,143.76925
AAPL,2023-02-01 05:00:00+00:00,143.97,146.61,141.32,145.43,84602426.0,693377.0,143.961791
AAPL,2023-02-02 05:00:00+00:00,148.9,151.18,148.17,150.82,119288199.0,996204.0,149.750531
AAPL,2023-02-03 05:00:00+00:00,148.03,157.38,147.83,154.5,166049247.0,1138935.0,154.392541
AAPL,2023-02-06 05:00:00+00:00,152.575,153.1,150.78,151.73,75590203.0,583521.0,152.006703
AAPL,2023-02-07 05:00:00+00:00,150.64,155.23,150.64,154.65,94067819.0,661769.0,153.633427
AAPL,2023-02-08 05:00:00+00:00,153.88,154.58,151.168,151.92,72643990.0,524143.0,152.316766
AAPL,2023-02-09 05:00:00+00:00,153.775,154.33,150.42,150.87,61868739.0,471977.0,152.184661
AAPL,2023-02-10 05:00:00+00:00,149.46,151.3401,149.22,151.01,62500180.0,442055.0,150.463505
AAPL,2023-02-13 05:00:00+00:00,150.952,154.26,150.92,153.85,70149328.0,506670.0,153.291138
AAPL,2023-02-14 05:00:00+00:00,152.12,153.77,150.86,153.2,68556962.0,528569.0,152.606935
AAPL,2023-02-15 05:00:00+00:00,153.11,155.5,152.88,155.33,70612239.0,520577.0,154.572898
AAPL,2023-02-16 05:00:00+00:00,153.51,156.33,153.3475,153.71,74955617.0,516189.0,154.701103
AAPL,2023-02-17 05:00:00+00:00,152.35,153.0,150.85,152.55,66293371.0,467050.0,152.104468
AAPL,2023-02-21 05:00:00+00:00,150.2,151.3,148.405,148.48,68102432.0,509345.0,149.276547
AAPL,2023-02-22 05:00:00+00:00,148.87,149.95,147.16,148.91,57571342.0,429778.0,148.586152
AAPL,2023-02-23 05:00:00+00:00,150.09,150.34,147.24,149.4,53439807.0,425163.0,148.913715
AAPL,2023-02-24 05:00:00+00:00,147.11,147.19,145.7202,146.71,62617932.0,470884.0,146.410703
AAPL,2023-02-27 05:00:00+00:00,147.71,149.17,147.45,147.92,50247854.0,418071.0,148.123416
AAPL,2023-02-28 05:00:00+00:00,147.05,149.08,146.83,147.41,61519861.0,383781.0,147.726764
AAPL,2023-03-01 05:00:00+00:00,146.83,147.2285,145.01,145.31,62350999.0,461615.0,145.806128
AAPL,2023-03-02 05:00:00+00:00,144.38,146.71,143.9,145.91,60242324.0,413240.0,145.28641
AAPL,2023-03-03 05:00:00+00:00,148.045,151.11,147.33,151.03,79744478.0,556613.0,150.149082
AAPL,2023-03-06 05:00:00+00:00,153.785,156.3,153.46,153.83,93957314.0,691992.0,154.654718
AAPL,2023-03-07 05:00:00+00:00,153.7,154.0299,151.13,151.6,61332251.0,496634.0,152.218798
AAPL,2023-03-08 05:00:00+00:00,152.81,153.47,151.83,152.87,51205963.0,405205.0,152.719809
AAPL,2023-03-09 05:00:00+00:00,153.559,154.535,150.225,150.59,59821351.0,480912.0,152.295553
AAPL,2023-03-10 05:00:00+00:00,150.21,150.94,147.6096,148.5,75469048.0,609814.0,149.006538
AAPL,2023-03-13 04:00:00+00:00,147.805,153.14,147.7,150.47,90585023.0,760662.0,151.177098
AAPL,2023-03-14 04:00:00+00:00,151.28,153.4,150.1,152.59,84532172.0,565199.0,152.165261
AAPL,2023-03-15 04:00:00+00:00,151.19,153.245,149.92,152.99,85708822.0,703118.0,151.859646
AAPL,2023-03-16 04:00:00+00:00,152.16,156.46,151.64,155.85,84454434.0,676100.0,154.909001
AAPL,2023-03-17 04:00:00+00:00,156.08,156.74,154.28,155.0,131114857.0,614285.0,155.405289
AAPL,2023-03-20 04:00:00+00:00,155.07,157.82,154.15,157.4,85439528.0,628987.0,156.729739
AAPL,2023-03-21 04:00:00+00:00,157.32,159.4,156.54,159.28,87819428.0,590984.0,158.509861
AAPL,2023-03-22 04:00:00+00:00,159.3,162.14,157.81,157.83,80427254.0,656869.0,159.72994
AAPL,2023-03-23 04:00:00+00:00,158.83,161.5501,157.68,158.93,75089334.0,614271.0,159.485733
AAPL,2023-03-24 04:00:00+00:00,158.86,160.34,157.85,160.25,65530530.0,516245.0,159.33047
AAPL,2023-03-27 04:00:00+00:00,159.94,160.77,157.87,158.28,58214330.0,518438.0,158.986546
AAPL,2023-03-28 04:00:00+00:00,157.97,158.49,155.98,157.65,50372968.0,432449.0,157.01827
AAPL,2023-03-29 04:00:00+00:00,159.37,161.05,159.35,160.77,57532705.0,472079.0,160.273443
AAPL,2023-03-30 04:00:00+00:00,161.53,162.47,161.271,162.36,53823579.0,456156.0,162.027551
AAPL,2023-03-31 04:00:00+00:00,162.44,165.0,161.91,164.9,69191490.0,572350.0,163.992724
AAPL,2023-04-03 04:00:00+00:00,164.27,166.29,164.22,166.17,62027954.0,568688.0,165.410449
AAPL,2023-04-04 04:00:00+00:00,166.595,166.84,165.11,165.63,52036268.0,456308.0,165.895417
AAPL,2023-04-05 04:00:00+00:00,164.74,165.05,161.8,163.76,56567368.0,533623.0,163.499464
AAPL,2023-04-06 04:00:00+00:00,162.43,164.9584,162.0,164.66,50780869.0,446214.0,164.064618
AAPL,2023-04-10 04:00:00+00:00,161.42,162.03,160.08,162.03,51829429.0,563917.0,161.299097
AAPL,2023-04-11 04:00:00+00:00,162.35,162.36,160.51,160.8,51774289.0,490482.0,161.122856
AAPL,2023-04-12 04:00:00+00:00,161.22,162.06,159.78,160.1,50706904.0,514262.0,160.916046
AAPL,2023-04-13 04:00:00+00:00,161.63,165.8,161.42,165.56,76953623.0,595712.0,164.469322
AAPL,2023-04-14 04:00:00+00:00,164.59,166.32,163.82,165.21,54918972.0,488449.0,165.061557
AAPL,2023-04-17 04:00:00+00:00,165.09,165.39,164.03,165.23,45769525.0,483390.0,164.801759
AAPL,2023-04-18 04:00:00+00:00,166.1,167.41,165.65,166.47,55909701.0,494602.0,166.360112
AAPL,2023-04-19 04:00:00+00:00,165.8,168.16,165.54,167.63,48158687.0,473868.0,167.265178
AAPL,2023-04-20 04:00:00+00:00,166.09,167.87,165.56,166.65,53020864.0,493154.0,166.794939
AAPL,2023-04-21 04:00:00+00:00,165.05,166.4521,164.49,165.02,65307211.0,519453.0,165.091964
AAPL,2023-04-24 04:00:00+00:00,165.0,165.6,163.89,165.33,45338131.0,459502.0,164.961709
AAPL,2023-04-25 04:00:00+00:00,165.19,166.305,163.73,163.77,48714063.0,501551.0,164.646986
AAPL,2023-04-26 04:00:00+00:00,163.055,165.28,162.8,163.76,50920364.0,493407.0,163.892842
AAPL,2023-04-27 04:00:00+00:00,165.19,168.56,165.19,168.41,76052617.0,575984.0,167.512917
AAPL,2023-04-28 04:00:00+00:00,168.49,169.85,167.8801,169.68,63093372.0,526191.0,169.044645
AAPL,2023-05-01 04:00:00+00:00,169.28,170.45,168.64,169.59,56437122.0,540748.0,169.663231
AAPL,2023-05-02 04:00:00+00:00,170.09,170.35,167.54,168.54,48897270.0,509756.0,168.70263
AAPL,2023-05-03 04:00:00+00:00,169.5,170.92,167.16,167.45,70732642.0,610055.0,169.180843
AAPL,2023-05-04 04:00:00+00:00,164.89,167.04,164.31,165.79,81791781.0,832125.0,165.708907
AAPL,2023-05-05 04:00:00+00:00,170.975,174.3,170.76,173.57,114073502.0,913563.0,173.389233
AAPL,2023-05-08 04:00:00+00:00,172.48,173.85,172.11,173.5,61353610.0,563142.0,173.301181
AAPL,2023-05-09 04:00:00+00:00,173.05,173.54,171.6,171.77,50729673.0,456211.0,172.198383
AAPL,2023-05-10 04:00:00+00:00,173.02,174.03,171.9,173.555,53724501.0,511486.0,173.187071
AAPL,2023-05-11 04:00:00+00:00,173.85,174.59,172.17,173.75,50011672.0,501957.0,173.491189
AAPL,2023-05-12 04:00:00+00:00,173.62,174.06,171.0,172.57,50612841.0,489401.0,172.391578
AAPL,2023-05-15 04:00:00+00:00,173.16,173.21,171.47,172.07,41718475.0,444787.0,172.092171
AAPL,2023-05-16 04:00:00+00:00,171.99,173.1383,171.7991,172.07,45676613.0,436167.0,172.271733
AAPL,2023-05-17 04:00:00+00:00,171.71,172.925,170.4201,172.69,65903562.0,554943.0,171.956478
AAPL,2023-05-18 04:00:00+00:00,173.0,175.24,172.58,175.05,66091664.0,595693.0,174.334502
AAPL,2023-05-19 04:00:00+00:00,176.39,176.39,174.94,175.16,58044146.0,531634.0,175.572261
AAPL,2023-05-22 04:00:00+00:00,173.98,174.71,173.45,174.2,44146775.0,526394.0,174.199398
AAPL,2023-05-23 04:00:00+00:00,173.13,173.3794,171.275,171.56,56405720.0,535094.0,172.153619
AAPL,2023-05-24 04:00:00+00:00,171.09,172.4183,170.52,171.84,45740665.0,492277.0,171.495997
AAPL,2023-05-25 04:00:00+00:00,172.41,173.895,171.69,172.99,64475787.0,534914.0,172.915577
AAPL,2023-05-26 04:00:00+00:00,173.32,175.77,173.11,175.43,62620662.0,528297.0,175.179028
AAPL,2023-05-30 04:00:00+00:00,176.96,178.99,176.57,177.3,63293297.0,651322.0,177.423861
AAPL,2023-05-31 04:00:00+00:00,177.325,179.35,176.76,177.25,99625288.0,669221.0,177.987684
AAPL,2023-06-01 04:00:00+00:00,177.7,180.12,176.9306,180.09,76857581.0,624136.0,179.402689
AAPL,2023-06-02 04:00:00+00:00,181.03,181.78,179.26,180.95,76294033.0,712123.0,180.655109
AAPL,2023-06-05 04:00:00+00:00,182.63,184.951,178.035,179.58,121969015.0,1286854.0,182.199552
AAPL,2023-06-06 04:00:00+00:00,179.965,180.12,177.43,179.21,64841762.0,705233.0,178.685496
AAPL,2023-06-07 04:00:00+00:00,178.44,181.21,177.32,177.82,69732161.0,669100.0,178.558004
AAPL,2023-06-08 04:00:00+00:00,177.895,180.84,177.46,180.57,50221611.0,548697.0,179.527467
AAPL,2023-06-09 04:00:00+00:00,181.5,182.23,180.63,180.96,48890039.0,557832.0,181.456753
AAPL,2023-06-12 04:00:00+00:00,181.27,183.89,180.97,183.79,54796150.0,562764.0,182.754879
AAPL,2023-06-13 04:00:00+00:00,182.8,184.15,182.44,183.31,54967369.0,608362.0,183.182816
AAPL,2023-06-14 04:00:00+00:00,183.37,184.39,182.02,183.95,57451443.0,614191.0,183.70125
AAPL,2023-06-15 04:00:00+00:00,183.96,186.52,183.78,186.01,65417713.0,697108.0,185.576485
AAPL,2023-06-16 04:00:00+00:00,186.73,186.99,184.27,184.92,101239104.0,616230.0,185.576671
AAPL,2023-06-20 04:00:00+00:00,184.41,186.1,184.41,185.01,49801726.0,577559.0,185.301696
AAPL,2023-06-21 04:00:00+00:00,184.9,185.41,182.5901,183.96,49505417.0,520855.0,184.08866
AAPL,2023-06-22 04:00:00+00:00,183.74,187.045,183.67,187.0,51248267.0,563157.0,186.095509
AAPL,2023-06-23 04:00:00+00:00,185.55,187.56,185.01,186.68,53194896.0,539709.0,186.491169
AAPL,2023-06-26 04:00:00+00:00,186.83,188.05,185.23,185.27,48099269.0,584779.0,186.342879
AAPL,2023-06-27 04:00:00+00:00,185.89,188.39,185.67,188.06,50745529.0,512183.0,187.471551
AAPL,2023-06-28 04:00:00+00:00,187.93,189.9,187.6,189.25,51225939.0,559611.0,188.888455
AAPL,2023-06-29 04:00:00+00:00,189.08,190.07,188.94,189.59,46347309.0,525368.0,189.546219
AAPL,2023-06-30 04:00:00+00:00,191.63,194.48,191.26,193.97,83782058.0,760823.0,193.114617
AAPL,2023-07-03 04:00:00+00:00,193.78,193.88,191.76,192.46,31357392.0,498718.0,192.638055
AAPL,2023-07-05 04:00:00+00:00,191.565,192.98,190.62,191.33,46921907.0,560240.0,191.615305
AAPL,2023-07-06 04:00:00+00:00,189.84,192.02,189.2,191.81,45172292.0,562929.0,190.810342
AAPL,2023-07-07 04:00:00+00:00,191.41,192.67,190.24,190.68,46814999.0,538828.0,191.43102
AAPL,2023-07-10 04:00:00+00:00,189.26,189.99,187.035,188.61,59925144.0,736976.0,188.338409
AAPL,2023-07-11 04:00:00+00:00,189.16,189.3,186.6,188.08,46646096.0,577864.0,187.802462
AAPL,2023-07-12 04:00:00+00:00,189.68,191.7,188.47,189.77,60757160.0,652270.0,189.984281
AAPL,2023-07-13 04:00:00+00:00,190.5,191.19,189.78,190.54,41348909.0,468081.0,190.565107
AAPL,2023-07-14 04:00:00+00:00,190.23,191.1799,189.63,190.69,41622330.0,513236.0,190.461122
AAPL,2023-07-17 04:00:00+00:00,191.9,194.32,191.81,193.99,50546738.0,603051.0,193.32553
AAPL,2023-07-18 04:00:00+00:00,193.35,194.33,192.415,193.73,48357948.0,544724.0,193.375703
AAPL,2023-07-19 04:00:00+00:00,193.1,198.23,192.65,195.1,80534721.0,777402.0,194.986076
AAPL,2023-07-20 04:00:00+00:00,195.09,196.47,192.495,193.13,59597695.0,640137.0,194.296883
AAPL,2023-07-21 04:00:00+00:00,194.1,194.97,191.23,191.94,71957084.0,580363.0,192.718322
AAPL,2023-07-24 04:00:00+00:00,193.41,194.91,192.25,192.75,45538581.0,526175.0,193.233712
AAPL,2023-07-25 04:00:00+00:00,193.33,194.44,192.915,193.62,37339808.0,445740.0,193.799673
AAPL,2023-07-26 04:00:00+00:00,193.67,195.64,193.32,194.5,47506279.0,502596.0,194.378548
AAPL,2023-07-27 04:00:00+00:00,196.02,197.2,192.55,193.22,47465977.0,570678.0,194.950386
AAPL,2023-07-28 04:00:00+00:00,194.67,196.626,194.14,195.83,48291445.0,519154.0,195.809443
AAPL,2023-07-31 04:00:00+00:00,196.06,196.49,195.26,196.45,45241255.0,530646.0,196.200202
AAPL,2023-08-01 04:00:00+00:00,196.235,196.73,195.28,195.605,35306213.0,478272.0,195.861871
AAPL,2023-08-02 04:00:00+00:00,195.04,195.18,191.8507,192.58,50408072.0,620854.0,192.939066
AAPL,2023-08-03 04:00:00+00:00,191.57,192.37,190.69,191.17,62366562.0,756802.0,191.573861
AAPL,2023-08-04 04:00:00+00:00,185.52,187.38,181.92,181.99,115956843.0,1336767.0,184.299063
AAPL,2023-08-07 04:00:00+00:00,182.13,183.13,177.35,178.85,97586944.0,1159593.0,178.896194
AAPL,2023-08-08 04:00:00+00:00,179.69,180.27,177.58,179.8,67832886.0,709234.0,179.011351
AAPL,2023-08-09 04:00:00+00:00,180.87,180.93,177.01,178.19,60386755.0,666321.0,178.47219
AAPL,2023-08-10 04:00:00+00:00,179.48,180.75,177.6,177.97,54695861.0,653105.0,178.827828
AAPL,2023-08-11 04:00:00+00:00,177.32,178.62,176.55,177.79,52036674.0,586486.0,177.792719
AAPL,2023-08-14 04:00:00+00:00,177.97,179.69,177.305,179.46,43690884.0,565211.0,178.934721
AAPL,2023-08-15 04:00:00+00:00,178.88,179.48,177.05,177.45,43635379.0,510238.0,177.899185
AAPL,2023-08-16 04:00:00+00:00,177.13,178.54,176.5,176.57,46979752.0,526310.0,177.479546
AAPL,2023-08-17 04:00:00+00:00,177.14,177.5054,173.48,174.0,66700735.0,673488.0,174.653058
AAPL,2023-08-18 04:00:00+00:00,172.3,175.1,171.96,174.49,61173170.0,596487.0,173.859323
AAPL,2023-08-21 04:00:00+00:00,175.07,176.13,173.735,175.84,46323343.0,559827.0,175.22285
AAPL,2023-08-22 04:00:00+00:00,177.06,177.68,176.25,177.23,42091932.0,501637.0,177.011047
AAPL,2023-08-23 04:00:00+00:00,178.52,181.55,178.325,181.12,52756878.0,587652.0,180.668409
AAPL,2023-08-24 04:00:00+00:00,180.674,181.104,176.01,176.38,54953439.0,610587.0,177.661775
AAPL,2023-08-25 04:00:00+00:00,177.38,179.15,175.82,178.61,51449596.0,554792.0,177.826636
AAPL,2023-08-28 04:00:00+00:00,180.09,180.59,178.545,180.19,43823300.0,532552.0,179.618894
AAPL,2023-08-29 04:00:00+00:00,179.695,184.9,179.5,184.12,53016040.0,576648.0,183.281635
AAPL,2023-08-30 04:00:00+00:00,184.94,187.85,184.74,187.65,60824230.0,636605.0,186.947989
AAPL,2023-08-31 04:00:00+00:00,187.84,189.12,187.48,187.87,60814675.0,555057.0,188.185056
AAPL,2023-09-01 04:00:00+00:00,189.485,189.92,188.28,189.46,45766507.0,530277.0,189.025752
AAPL,2023-09-05 04:00:00+00:00,188.28,189.98,187.61,189.7,45285046.0,602564.0,189.129836
AAPL,2023-09-06 04:00:00+00:00,188.4,188.85,181.47,182.91,81765466.0,880369.0,183.778433
AAPL,2023-09-07 04:00:00+00:00,175.18,178.21,173.54,177.56,112503695.0,1210446.0,176.693655
AAPL,2023-09-08 04:00:00+00:00,178.35,180.239,177.79,178.18,65602067.0,755391.0,179.093843
AAPL,2023-09-11 04:00:00+00:00,180.07,180.3,177.34,179.36,58964184.0,722658.0,178.798151
AAPL,2023-09-12 04:00:00+00:00,179.49,180.13,174.82,176.3,90383654.0,937680.0,176.701341
AAPL,2023-09-13 04:00:00+00:00,176.51,177.3,173.98,174.21,84277767.0,835414.0,175.029416
AAPL,2023-09-14 04:00:00+00:00,174.0,176.1,173.58,175.74,60898149.0,641142.0,175.376921
AAPL,2023-09-15 04:00:00+00:00,176.48,176.495,173.82,175.01,109259462.0,729795.0,175.084694
AAPL,2023-09-18 04:00:00+00:00,176.48,179.38,176.17,177.97,67272034.0,731499.0,177.971078
AAPL,2023-09-19 04:00:00+00:00,177.52,179.63,177.13,179.07,51831661.0,524532.0,178.410352
AAPL,2023-09-20 04:00:00+00:00,179.26,179.695,175.4,175.49,58452947.0,600755.0,177.082657
AAPL,2023-09-21 04:00:00+00:00,174.55,176.3,173.86,173.93,63160835.0,631737.0,174.903668
AAPL,2023-09-22 04:00:00+00:00,174.67,177.079,174.05,174.79,56725387.0,606172.0,175.479785
AAPL,2023-09-25 04:00:00+00:00,174.2,176.97,174.15,176.08,46178509.0,564354.0,175.674313
AAPL,2023-09-26 04:00:00+00:00,174.82,175.2,171.66,171.96,64597559.0,688566.0,172.730491
AAPL,2023-09-27 04:00:00+00:00,172.62,173.04,169.05,170.43,66940950.0,708087.0,170.519718
AAPL,2023-09-28 04:00:00+00:00,169.34,172.03,167.62,170.69,56302471.0,618749.0,170.313489
AAPL,2023-09-29 04:00:00+00:00,172.02,173.07,170.341,171.21,51886171.0,535136.0,171.602011
AAPL,2023-10-02 04:00:00+00:00,171.22,174.3,170.93,173.75,52172333.0,617354.0,173.28953
AAPL,2023-10-03 04:00:00+00:00,172.255,173.63,170.82,172.4,49637004.0,543146.0,172.128425
AAPL,2023-10-04 04:00:00+00:00,171.09,174.21,170.97,173.66,53025614.0,561075.0,172.950579
AAPL,2023-10-05 04:00:00+00:00,173.79,175.45,172.68,174.91,48532230.0,509291.0,174.243182
AAPL,2023-10-06 04:00:00+00:00,173.8,177.99,173.18,177.49,57266677.0,593946.0,176.35858
AAPL,2023-10-09 04:00:00+00:00,176.81,179.05,175.8,178.99,42400769.0,518390.0,177.868024
AAPL,2023-10-10 04:00:00+00:00,178.1,179.72,177.95,178.39,43700093.0,525007.0,178.688787
AAPL,2023-10-11 04:00:00+00:00,178.2,179.85,177.6,179.8,47555502.0,503608.0,178.920294
AAPL,2023-10-12 04:00:00+00:00,180.07,182.34,179.04,180.71,56753369.0,617072.0,180.97399
AAPL,2023-10-13 04:00:00+00:00,181.42,181.93,178.14,178.85,51456083.0,531443.0,179.41376
AAPL,2023-10-16 04:00:00+00:00,176.75,179.075,176.51,178.72,52519230.0,632661.0,178.148359
AAPL,2023-10-17 04:00:00+00:00,176.645,178.42,174.8,177.15,57553146.0,592436.0,176.85213
AAPL,2023-10-18 04:00:00+00:00,175.58,177.575,175.11,175.84,54780899.0,540428.0,176.368798
AAPL,2023-10-19 04:00:00+00:00,176.04,177.84,175.19,175.46,59312291.0,560468.0,176.270608
AAPL,2023-10-20 04:00:00+00:00,175.31,175.42,172.64,172.88,64244029.0,600322.0,173.789788
AAPL,2023-10-23 04:00:00+00:00,170.91,174.01,169.93,173.0,55986017.0,639779.0,172.365942
AAPL,2023-10-24 04:00:00+00:00,173.05,173.67,171.45,173.44,43825971.0,530643.0,172.712413
AAPL,2023-10-25 04:00:00+00:00,171.88,173.06,170.65,171.1,57219947.0,611287.0,171.526493
AAPL,2023-10-26 04:00:00+00:00,170.37,171.3775,165.67,166.89,70660031.0,815731.0,167.582602
AAPL,2023-10-27 04:00:00+00:00,166.91,168.96,166.83,168.22,58499131.0,609514.0,167.909302
AAPL,2023-10-30 04:00:00+00:00,169.02,171.17,168.87,170.29,51135875.0,628371.0,170.081326
AAPL,2023-10-31 04:00:00+00:00,169.35,170.9,167.9,170.77,44852482.0,510050.0,169.874357
AAPL,2023-11-01 04:00:00+00:00,171.0,174.23,170.12,173.97,56951142.0,633750.0,172.611605
AAPL,2023-11-02 04:00:00+00:00,175.52,177.78,175.46,177.57,77518015.0,807105.0,177.101455
AAPL,2023-11-03 04:00:00+00:00,174.24,176.82,173.35,176.65,80129247.0,858040.0,175.636789
AAPL,2023-11-06 05:00:00+00:00,176.38,179.43,176.21,179.23,63852730.0,678194.0,178.60948
AAPL,2023-11-07 05:00:00+00:00,179.18,182.44,178.97,181.82,70539955.0,653956.0,181.315051
AAPL,2023-11-08 05:00:00+00:00,182.35,183.45,181.59,182.89,49345307.0,542542.0,182.664855
AAPL,2023-11-09 05:00:00+00:00,182.96,184.12,181.81,182.41,53780415.0,545850.0,182.934075
AAPL,2023-11-10 05:00:00+00:00,183.97,186.565,183.53,186.4,66204156.0,610940.0,185.361502
AAPL,2023-11-13 05:00:00+00:00,185.82,186.03,184.21,184.8,43631574.0,530523.0,184.822995
AAPL,2023-11-14 05:00:00+00:00,187.7,188.11,186.3,187.44,60113030.0,609334.0,187.322497
AAPL,2023-11-15 05:00:00+00:00,187.845,189.5,187.78,188.01,53818016.0,564663.0,188.470666
AAPL,2023-11-16 05:00:00+00:00,189.57,190.96,188.65,189.71,54426521.0,621003.0,189.725074
AAPL,2023-11-17 05:00:00+00:00,190.25,190.38,188.57,189.69,50941406.0,510221.0,189.599311
AAPL,2023-11-20 05:00:00+00:00,189.89,191.905,189.88,191.45,46543084.0,554091.0,191.307534
AAPL,2023-11-21 05:00:00+00:00,191.41,191.52,189.74,190.64,38142232.0,450941.0,190.509559
AAPL,2023-11-22 05:00:00+00:00,191.49,192.93,190.825,191.31,39630374.0,463588.0,191.737678
AAPL,2023-11-24 05:00:00+00:00,190.87,190.9,189.25,189.97,24048346.0,335950.0,189.776006
AAPL,2023-11-27 05:00:00+00:00,189.92,190.67,188.9,189.79,40570385.0,509035.0,189.801449
AAPL,2023-11-28 05:00:00+00:00,189.78,191.08,189.4,190.4,38422811.0,458379.0,190.182635
AAPL,2023-11-29 05:00:00+00:00,190.9,192.09,188.97,189.37,43017537.0,493157.0,190.095824
AAPL,2023-11-30 05:00:00+00:00,189.84,190.32,188.19,189.95,48804815.0,486962.0,189.32785
AAPL,2023-12-01 05:00:00+00:00,190.33,191.56,189.23,191.24,45704824.0,515541.0,190.814969
AAPL,2023-12-04 05:00:00+00:00,189.98,190.05,187.4511,189.43,43396215.0,587629.0,188.903443
AAPL,2023-12-05 05:00:00+00:00,190.21,194.4,190.18,193.42,66654222.0,700936.0,193.201212
AAPL,2023-12-06 05:00:00+00:00,194.45,194.76,192.11,192.32,41092772.0,491536.0,192.792192
AAPL,2023-12-07 05:00:00+00:00,193.63,195.0,193.59,194.27,47485364.0,495114.0,194.415635
AAPL,2023-12-08 05:00:00+00:00,194.2,195.99,193.67,195.71,53406358.0,538969.0,195.1631
AAPL,2023-12-11 05:00:00+00:00,193.11,193.49,191.42,193.18,60952756.0,691291.0,192.690089
AAPL,2023-12-12 05:00:00+00:00,193.08,194.72,191.721,194.71,52704312.0,510922.0,193.712615
AAPL,2023-12-13 05:00:00+00:00,195.09,198.0,194.85,197.96,70422443.0,672723.0,196.884059
AAPL,2023-12-14 05:00:00+00:00,198.02,199.62,196.16,198.11,66836850.0,691952.0,198.298267
AAPL,2023-12-15 05:00:00+00:00,197.53,198.3999,197.0,197.57,128538401.0,625454.0,197.573249
AAPL,2023-12-18 05:00:00+00:00,196.09,196.63,194.39,195.89,55755354.0,655820.0,195.532766
AAPL,2023-12-19 05:00:00+00:00,196.16,196.95,195.89,196.94,40717190.0,451795.0,196.531773
AAPL,2023-12-20 05:00:00+00:00,196.9,197.68,194.83,194.83,52247140.0,550700.0,196.221545
AAPL,2023-12-21 05:00:00+00:00,196.1,197.08,193.5,194.68,46485784.0,554963.0,194.733112
AAPL,2023-12-22 05:00:00+00:00,195.18,195.41,192.97,193.6,37149570.0,500544.0,194.099383
AAPL,2023-12-26 05:00:00+00:00,193.61,193.89,192.83,193.05,28921648.0,488340.0,193.170805
AAPL,2023-12-27 05:00:00+00:00,192.49,193.5,191.09,193.15,48092035.0,548205.0,192.535582
AAPL,2023-12-28 05:00:00+00:00,194.14,194.66,193.17,193.58,34056639.0,472490.0,193.925614
AAPL,2023-12-29 05:00:00+00:00,193.9,194.4,191.725,192.53,42672148.0,509123.0,192.577019
AAPL,2024-01-02 05:00:00+00:00,187.15,188.44,183.885,185.64,82496943.0,1009074.0,185.846233
AAPL,2024-01-03 05:00:00+00:00,184.22,185.88,183.43,184.25,58418916.0,656956.0,184.319693
AAPL,2024-01-04 05:00:00+00:00,182.15,183.0872,180.88,181.91,71992243.0,712850.0,182.013085
AAPL,2024-01-05 05:00:00+00:00,181.99,182.76,180.17,181.18,62379661.0,682335.0,181.483937
AAPL,2024-01-08 05:00:00+00:00,182.085,185.6,181.5,185.56,59151720.0,669304.0,184.400869
AAPL,2024-01-09 05:00:00+00:00,183.92,185.15,182.73,185.14,42848219.0,538297.0,184.364122
AAPL,2024-01-10 05:00:00+00:00,184.35,186.4,183.92,186.19,46797681.0,554884.0,185.223846
AAPL,2024-01-11 05:00:00+00:00,186.54,187.05,183.62,185.59,49133996.0,584114.0,185.022217
AAPL,2024-01-12 05:00:00+00:00,186.06,186.74,185.19,185.92,40477782.0,477050.0,185.818208
AAPL,2024-01-16 05:00:00+00:00,182.16,184.26,180.934,183.63,65612289.0,767431.0,182.83027
AAPL,2024-01-17 05:00:00+00:00,181.27,182.93,180.3,182.68,47321545.0,594725.0,181.895222
AAPL,2024-01-18 05:00:00+00:00,186.09,189.14,185.83,188.63,78031784.0,787472.0,187.968724
AAPL,2024-01-19 05:00:00+00:00,189.33,191.95,188.82,191.56,68902985.0,682664.0,190.60882
AAPL,2024-01-22 05:00:00+00:00,192.3,195.33,192.26,193.89,60139948.0,718256.0,194.013458
AAPL,2024-01-23 05:00:00+00:00,195.02,195.75,193.8299,195.18,42360151.0,533198.0,194.815768
AAPL,2024-01-24 05:00:00+00:00,195.42,196.38,194.34,194.5,53636461.0,594907.0,195.236375
AAPL,2024-01-25 05:00:00+00:00,195.22,196.2675,193.1125,194.17,54834147.0,644776.0,194.783346
AAPL,2024-01-26 05:00:00+00:00,194.27,194.76,191.94,192.42,44594011.0,534166.0,193.136866
AAPL,2024-01-29 05:00:00+00:00,192.01,192.2,189.58,191.73,47145521.0,599512.0,191.280816
AAPL,2024-01-30 05:00:00+00:00,190.94,191.8,187.47,188.04,55854611.0,690706.0,188.823566
AAPL,2024-01-31 05:00:00+00:00,187.04,187.095,184.35,184.4,55467803.0,679844.0,185.367471
AAPL,2024-02-01 05:00:00+00:00,183.985,186.95,183.82,186.86,64885408.0,820977.0,186.026227
AAPL,2024-02-02 05:00:00+00:00,179.86,187.33,179.25,185.85,102551680.0,1108466.0,184.826139
AAPL,2024-02-05 05:00:00+00:00,188.15,189.25,185.84,187.68,69668820.0,804749.0,187.770827
AAPL,2024-02-06 05:00:00+00:00,186.86,189.31,186.7695,189.3,43490759.0,530825.0,188.495897
AAPL,2024-02-07 05:00:00+00:00,190.64,191.05,188.61,189.41,53438955.0,596088.0,189.364757
AAPL,2024-02-08 05:00:00+00:00,189.385,189.535,187.35,188.32,40962046.0,521464.0,188.299781
AAPL,2024-02-09 05:00:00+00:00,188.65,189.99,188.0,188.85,45155216.0,544714.0,189.014343
AAPL,2024-02-12 05:00:00+00:00,188.415,188.67,186.79,187.15,41781934.0,585515.0,187.597468
AAPL,2024-02-13 05:00:00+00:00,185.77,186.21,183.5128,185.04,56529529.0,644015.0,184.966464
AAPL,2024-02-14 05:00:00+00:00,185.32,185.53,182.44,184.15,54630517.0,679073.0,183.578606
AAPL,2024-02-15 05:00:00+00:00,183.55,184.49,181.35,183.86,65434496.0,756083.0,182.685738
AAPL,2024-02-16 05:00:00+00:00,183.42,184.85,181.665,182.31,49752465.0,611770.0,182.753461
AAPL,2024-02-20 05:00:00+00:00,181.79,182.43,180.0,181.56,53665553.0,712338.0,181.029315
AAPL,2024-02-21 05:00:00+00:00,181.94,182.8888,180.66,182.32,41529674.0,522493.0,181.962835
AAPL,2024-02-22 05:00:00+00:00,183.48,184.955,182.46,184.37,52292208.0,613893.0,183.830992
AAPL,2024-02-23 05:00:00+00:00,185.01,185.04,182.23,182.52,45119677.0,549251.0,183.021736
AAPL,2024-02-26 05:00:00+00:00,182.24,182.76,180.65,181.16,40867421.0,615639.0,181.314102
AAPL,2024-02-27 05:00:00+00:00,181.1,183.9225,179.56,182.63,54319745.0,669764.0,181.811155
AAPL,2024-02-28 05:00:00+00:00,182.51,183.12,180.13,181.42,48953939.0,596443.0,181.146598
AAPL,2024-02-29 05:00:00+00:00,181.27,182.57,179.53,180.75,136682597.0,813073.0,180.683283
AAPL,2024-03-01 05:00:00+00:00,179.55,180.53,177.38,179.66,73563082.0,911079.0,179.006275
AAPL,2024-03-04 05:00:00+00:00,176.15,176.9,173.79,175.1,81510101.0,1167167.0,174.831634
AAPL,2024-03-05 05:00:00+00:00,170.76,172.04,169.62,170.12,95432355.0,1108821.0,170.306262
AAPL,2024-03-06 05:00:00+00:00,171.06,171.24,168.68,169.12,68587707.0,896300.0,169.541341
AAPL,2024-03-07 05:00:00+00:00,169.15,170.73,168.49,169.0,71765061.0,825406.0,169.391677
AAPL,2024-03-08 05:00:00+00:00,169.0,173.7,168.94,170.73,76267041.0,925213.0,171.559534
AAPL,2024-03-11 04:00:00+00:00,172.94,174.38,172.05,172.75,60139473.0,793618.0,172.953654
AAPL,2024-03-12 04:00:00+00:00,173.15,174.03,171.01,173.23,59825372.0,735067.0,172.846156
AAPL,2024-03-13 04:00:00+00:00,172.77,173.185,170.76,171.13,52488692.0,647120.0,171.346241
AAPL,2024-03-14 04:00:00+00:00,172.91,174.3078,172.05,173.0,72913507.0,806014.0,173.105496
AAPL,2024-03-15 04:00:00+00:00,171.17,172.62,170.285,172.62,121752699.0,771387.0,171.710221
AAPL,2024-03-18 04:00:00+00:00,175.57,177.71,173.52,173.72,75604184.0,866388.0,175.502415
AAPL,2024-03-19 04:00:00+00:00,174.34,176.605,173.03,176.08,55215244.0,636058.0,175.453787
AAPL,2024-03-20 04:00:00+00:00,175.72,178.67,175.09,178.67,53423102.0,641653.0,177.199304
AAPL,2024-03-21 04:00:00+00:00,177.05,177.49,170.84,171.37,106181270.0,1224985.0,172.712473
AAPL,2024-03-22 04:00:00+00:00,171.76,173.05,170.06,172.28,71160138.0,736379.0,172.075981
AAPL,2024-03-25 04:00:00+00:00,170.565,171.94,169.45,170.85,54288328.0,727686.0,170.706341
AAPL,2024-03-26 04:00:00+00:00,170.0,171.42,169.58,169.71,57388449.0,684303.0,170.342184
AAPL,2024-03-27 04:00:00+00:00,170.41,173.6,170.11,173.31,60273265.0,670630.0,172.581734
AAPL,2024-03-28 04:00:00+00:00,171.75,172.23,170.51,171.48,65672690.0,648027.0,171.355595
AAPL,2024-04-01 04:00:00+00:00,171.19,171.25,169.475,170.03,46240500.0,676830.0,170.066484
AAPL,2024-04-02 04:00:00+00:00,169.08,169.34,168.2302,168.84,49356481.0,608917.0,168.895583
AAPL,2024-04-03 04:00:00+00:00,168.79,170.68,168.58,169.65,47691715.0,571286.0,169.864966
AAPL,2024-04-04 04:00:00+00:00,170.29,171.92,168.82,168.82,53704386.0,630785.0,170.088279
AAPL,2024-04-05 04:00:00+00:00,169.59,170.39,168.95,169.58,42104826.0,540854.0,169.644567
AAPL,2024-04-08 04:00:00+00:00,169.03,169.2,168.24,168.45,37425513.0,549987.0,168.661965
AAPL,2024-04-09 04:00:00+00:00,168.7,170.08,168.35,169.67,42451209.0,541699.0,169.156022
AAPL,2024-04-10 04:00:00+00:00,168.8,169.09,167.11,167.78,49709336.0,647589.0,167.967996
AAPL,2024-04-11 04:00:00+00:00,168.34,175.46,168.16,175.04,91070275.0,828410.0,172.725026
AAPL,2024-04-12 04:00:00+00:00,174.26,178.36,174.21,176.55,101617429.0,959162.0,176.37919
AAPL,2024-04-15 04:00:00+00:00,175.36,176.63,172.5,172.69,73531773.0,846772.0,174.156292
AAPL,2024-04-16 04:00:00+00:00,171.75,173.76,168.27,169.38,73711235.0,834299.0,170.053177
AAPL,2024-04-17 04:00:00+00:00,169.61,170.65,168.0,168.0,50901210.0,599005.0,169.005697
AAPL,2024-04-18 04:00:00+00:00,168.03,168.64,166.55,167.04,43116703.0,553241.0,167.414061
AAPL,2024-04-19 04:00:00+00:00,166.21,166.4,164.075,165.0,68149377.0,754775.0,165.142375
AAPL,2024-04-22 04:00:00+00:00,165.515,167.26,164.77,165.84,48116443.0,610370.0,165.93835
AAPL,2024-04-23 04:00:00+00:00,165.35,167.05,164.92,166.9,49537761.0,554942.0,166.498697
AAPL,2024-04-24 04:00:00+00:00,166.54,169.3,166.21,169.02,48251835.0,584990.0,168.447598
AAPL,2024-04-25 04:00:00+00:00,169.525,170.61,168.1511,169.89,50558329.0,608882.0,169.443845
AAPL,2024-04-26 04:00:00+00:00,169.88,171.34,169.18,169.3,44838354.0,563912.0,170.005491
AAPL,2024-04-29 04:00:00+00:00,173.37,176.03,173.1,173.5,68169419.0,808216.0,174.445277
AAPL,2024-04-30 04:00:00+00:00,173.33,174.99,170.0,170.33,65934776.0,647477.0,172.099126
AAPL,2024-05-01 04:00:00+00:00,169.58,172.705,169.11,169.3,50383147.0,648630.0,170.720884
AAPL,2024-05-02 04:00:00+00:00,172.51,173.415,170.89,173.03,94214915.0,944120.0,172.461486
AAPL,2024-05-03 04:00:00+00:00,186.645,187.0,182.66,183.38,163224109.0,1468505.0,184.596364
AAPL,2024-05-06 04:00:00+00:00,182.354,184.2,180.42,181.71,78569667.0,898764.0,181.840062
AAPL,2024-05-07 04:00:00+00:00,183.45,184.9,181.32,182.4,77305771.0,747519.0,182.837213
AAPL,2024-05-08 04:00:00+00:00,182.85,183.07,181.45,182.74,45057087.0,518609.0,182.468972
AAPL,2024-05-09 04:00:00+00:00,182.56,184.66,182.11,184.57,48982972.0,551005.0,183.988666
AAPL,2024-05-10 04:00:00+00:00,184.9,185.09,182.13,183.05,50759496.0,558780.0,183.098781
AAPL,2024-05-13 04:00:00+00:00,185.435,187.1,184.62,186.28,72054409.0,726520.0,186.196091
AAPL,2024-05-14 04:00:00+00:00,187.51,188.3,186.29,187.43,52393619.0,559493.0,187.267149
AAPL,2024-05-15 04:00:00+00:00,187.91,190.65,187.37,189.72,70399988.0,727615.0,189.700072
AAPL,2024-05-16 04:00:00+00:00,190.47,191.095,189.6601,189.84,52845230.0,566951.0,190.135756
AAPL,2024-05-17 04:00:00+00:00,189.51,190.81,189.18,189.87,41282925.0,478193.0,189.936809
AAPL,2024-05-20 04:00:00+00:00,189.325,191.9199,189.01,191.04,44361275.0,566908.0,191.086154
AAPL,2024-05-21 04:00:00+00:00,191.09,192.73,190.9201,192.35,42309401.0,502788.0,192.255686
AAPL,2024-05-22 04:00:00+00:00,192.265,192.8231,190.27,190.9,34648547.0,452377.0,191.446181
AAPL,2024-05-23 04:00:00+00:00,190.98,191.0,186.625,186.88,51005924.0,574010.0,188.23328
AAPL,2024-05-24 04:00:00+00:00,188.82,190.58,188.0404,189.98,36326975.0,492870.0,189.724212
AAPL,2024-05-28 04:00:00+00:00,191.51,193.0,189.1,189.99,52280051.0,702191.0,190.773235
AAPL,2024-05-29 04:00:00+00:00,189.61,192.247,189.51,190.29,53068016.0,603502.0,191.114792
AAPL,2024-05-30 04:00:00+00:00,190.76,192.18,190.63,191.29,49947941.0,568984.0,191.410401
AAPL,2024-05-31 04:00:00+00:00,191.44,192.57,189.91,192.25,75158277.0,618230.0,191.66388
AAPL,2024-06-03 04:00:00+00:00,192.9,194.99,192.52,194.03,50080539.0,700957.0,193.787269
AAPL,2024-06-04 04:00:00+00:00,194.635,195.32,193.0342,194.35,47471445.0,575318.0,194.306377
AAPL,2024-06-05 04:00:00+00:00,195.4,196.9,194.87,195.87,54156785.0,648283.0,195.883235
AAPL,2024-06-06 04:00:00+00:00,195.685,196.5,194.17,194.48,41181753.0,550123.0,195.332141
AAPL,2024-06-07 04:00:00+00:00,194.65,196.94,194.14,196.89,53103912.0,505960.0,195.928421
AAPL,2024-06-10 04:00:00+00:00,196.9,197.3,192.15,193.12,97262077.0,1115274.0,194.426234
AAPL,2024-06-11 04:00:00+00:00,193.65,207.16,193.63,207.15,172460296.0,1601779.0,203.112181
AAPL,2024-06-12 04:00:00+00:00,207.37,220.2,206.9,213.07,198134293.0,1861010.0,215.460162
AAPL,2024-06-13 04:00:00+00:00,214.74,216.75,211.6,214.24,97862729.0,1032970.0,214.029875
AAPL,2024-06-14 04:00:00+00:00,213.85,215.17,211.3,212.49,70122748.0,793746.0,212.736231
AAPL,2024-06-17 04:00:00+00:00,213.37,218.95,212.72,216.67,93728300.0,1034963.0,216.440781
AAPL,2024-06-18 04:00:00+00:00,217.59,218.63,213.0,214.29,79943254.0,919960.0,214.735152
AAPL,2024-06-20 04:00:00+00:00,213.93,214.24,208.85,209.68,86172451.0,1005362.0,210.595655
AAPL,2024-06-21 04:00:00+00:00,210.39,211.89,207.11,207.49,246421353.0,881938.0,208.555754
AAPL,2024-06-24 04:00:00+00:00,207.72,212.7,206.59,208.14,80727006.0,916152.0,209.449238
AAPL,2024-06-25 04:00:00+00:00,209.15,211.38,208.61,209.07,56713868.0,621196.0,209.721317
AAPL,2024-06-26 04:00:00+00:00,211.5,214.86,210.64,213.25,66213186.0,769103.0,213.17689
AAPL,2024-06-27 04:00:00+00:00,214.69,215.7395,212.35,214.1,49772707.0,644397.0,213.933376
AAPL,2024-06-28 04:00:00+00:00,215.77,216.07,210.3,210.62,82403710.0,727543.0,212.656277
AAPL,2024-07-01 04:00:00+00:00,212.09,217.51,211.92,216.75,60402929.0,784845.0,215.508234
AAPL,2024-07-02 04:00:00+00:00,216.15,220.38,215.1,220.27,58046178.0,689998.0,219.182842
AAPL,2024-07-03 04:00:00+00:00,220.0,221.55,219.03,221.55,37369801.0,566784.0,220.684315
AAPL,2024-07-05 04:00:00+00:00,221.65,226.45,221.65,226.34,60412408.0,767414.0,224.931448
AAPL,2024-07-08 04:00:00+00:00,227.09,227.85,223.25,227.82,59085861.0,790096.0,226.293992
AAPL,2024-07-09 04:00:00+00:00,227.93,229.4,226.3721,228.68,48169822.0,651068.0,228.220233
AAPL,2024-07-10 04:00:00+00:00,229.3,233.08,229.25,232.98,62627687.0,782526.0,231.674517
AAPL,2024-07-11 04:00:00+00:00,231.39,232.39,225.77,227.57,64710617.0,889309.0,228.407436
AAPL,2024-07-12 04:00:00+00:00,228.92,232.64,228.68,230.54,53046527.0,706283.0,231.0574
AAPL,2024-07-15 04:00:00+00:00,236.48,237.23,233.09,234.4,62631252.0,822676.0,234.945994
AAPL,2024-07-16 04:00:00+00:00,235.0,236.27,232.33,234.82,43234278.0,623963.0,234.333785
AAPL,2024-07-17 04:00:00+00:00,229.45,231.4599,226.64,228.88,57345884.0,811104.0,228.812381
AAPL,2024-07-18 04:00:00+00:00,230.28,230.44,222.27,224.18,66034585.0,844626.0,225.167646
AAPL,2024-07-19 04:00:00+00:00,224.82,226.8,223.275,224.31,49151453.0,612830.0,224.753544
AAPL,2024-07-22 04:00:00+00:00,227.01,227.78,223.09,223.96,48201835.0,704897.0,224.992525
AAPL,2024-07-23 04:00:00+00:00,224.365,226.94,222.68,225.01,39960260.0,551688.0,225.013617
AAPL,2024-07-24 04:00:00+00:00,224.0,224.8,217.13,218.54,61777576.0,816144.0,219.079866
AAPL,2024-07-25 04:00:00+00:00,218.93,220.85,214.62,217.49,51391199.0,737642.0,218.117437
AAPL,2024-07-26 04:00:00+00:00,218.7,219.49,216.01,217.96,41601345.0,608589.0,217.883083
AAPL,2024-07-29 04:00:00+00:00,216.96,219.3,215.75,218.24,36311778.0,604724.0,218.144019
AAPL,2024-07-30 04:00:00+00:00,219.19,220.325,216.12,218.8,41643840.0,584355.0,218.443117
AAPL,2024-07-31 04:00:00+00:00,221.44,223.82,220.63,222.08,50036262.0,668901.0,222.37097
AAPL,2024-08-01 04:00:00+00:00,224.37,224.48,217.02,218.36,62500996.0,876129.0,219.57015
AAPL,2024-08-02 04:00:00+00:00,219.15,225.6,217.71,219.86,105568560.0,1132553.0,222.251583
AAPL,2024-08-05 04:00:00+00:00,199.09,213.5,196.0,209.27,119548589.0,1661550.0,208.116338
AAPL,2024-08-06 04:00:00+00:00,205.3,209.99,201.07,207.23,69660488.0,921953.0,206.571553
AAPL,2024-08-07 04:00:00+00:00,206.9,213.64,206.39,209.82,63516417.0,741724.0,211.033883
AAPL,2024-08-08 04:00:00+00:00,213.11,214.2,208.83,213.31,47161149.0,628773.0,212.581208
AAPL,2024-08-09 04:00:00+00:00,212.1,216.78,211.97,216.24,42201646.0,589469.0,215.217661
AAPL,2024-08-12 04:00:00+00:00,216.07,219.5099,215.6,217.53,38028092.0,602530.0,217.546317
AAPL,2024-08-13 04:00:00+00:00,219.01,221.89,219.01,221.27,44155331.0,553265.0,220.993659
AAPL,2024-08-14 04:00:00+00:00,220.57,223.03,219.7,221.72,41960574.0,568519.0,221.499308
AAPL,2024-08-15 04:00:00+00:00,224.6,225.35,222.76,224.72,46414013.0,590575.0,224.55366
AAPL,2024-08-16 04:00:00+00:00,223.92,226.8271,223.6501,226.05,44340240.0,562638.0,225.429357
AAPL,2024-08-19 04:00:00+00:00,225.72,225.99,223.04,225.89,40687813.0,606363.0,224.830286
AAPL,2024-08-20 04:00:00+00:00,225.77,227.17,225.45,226.51,30299033.0,498797.0,226.54141
AAPL,2024-08-21 04:00:00+00:00,226.52,227.98,225.05,226.4,34765480.0,506656.0,226.450135
AAPL,2024-08-22 04:00:00+00:00,227.79,228.34,223.9,224.53,43695321.0,586190.0,225.65207
AAPL,2024-08-23 04:00:00+00:00,225.6589,228.22,224.33,226.84,38677250.0,555154.0,226.570678
AAPL,2024-08-26 04:00:00+00:00,226.76,227.28,223.8905,227.18,30602208.0,565404.0,226.032558
AAPL,2024-08-27 04:00:00+00:00,225.995,228.85,224.89,228.03,35934559.0,491852.0,227.74689
AAPL,2024-08-28 04:00:00+00:00,227.92,229.86,225.68,226.49,38052167.0,563160.0,227.474363
AAPL,2024-08-29 04:00:00+00:00,230.1,232.92,228.88,229.79,51906297.0,723145.0,231.008651
AAPL,2024-08-30 04:00:00+00:00,230.19,230.4,227.48,229.0,52990770.0,594158.0,228.898421
AAPL,2024-09-03 04:00:00+00:00,228.55,229.0,221.17,222.77,50190574.0,813604.0,223.749584
AAPL,2024-09-04 04:00:00+00:00,221.66,221.78,217.48,220.85,43840196.0,679980.0,219.920973
AAPL,2024-09-05 04:00:00+00:00,221.625,225.48,221.52,222.38,36615398.0,588073.0,223.192809
AAPL,2024-09-06 04:00:00+00:00,223.95,225.24,219.77,220.82,48423011.0,663965.0,221.704436
AAPL,2024-09-09 04:00:00+00:00,220.82,221.27,216.71,220.91,67179965.0,945464.0,219.298998
AAPL,2024-09-10 04:00:00+00:00,218.92,221.48,216.73,220.11,51591033.0,684935.0,219.536157
AAPL,2024-09-11 04:00:00+00:00,221.455,223.09,217.89,222.66,44587072.0,609494.0,221.190116
AAPL,2024-09-12 04:00:00+00:00,222.5,223.55,219.82,222.77,37498225.0,556917.0,222.389637
AAPL,2024-09-13 04:00:00+00:00,223.58,224.04,221.91,222.5,36766619.0,541883.0,222.922817
AAPL,2024-09-16 04:00:00+00:00,216.54,217.22,213.92,216.32,59357427.0,870760.0,215.864965
AAPL,2024-09-17 04:00:00+00:00,215.75,216.9,214.5,216.79,45519339.0,651444.0,216.191099
AAPL,2024-09-18 04:00:00+00:00,217.55,222.71,217.54,220.69,59894928.0,833014.0,220.443008
AAPL,2024-09-19 04:00:00+00:00,224.99,229.82,224.63,228.87,66781315.0,808546.0,228.421566
AAPL,2024-09-20 04:00:00+00:00,229.97,233.09,227.62,228.2,318679888.0,971914.0,229.125739
AAPL,2024-09-23 04:00:00+00:00,227.34,229.45,225.81,226.47,54146023.0,693312.0,227.036015
AAPL,2024-09-24 04:00:00+00:00,228.645,229.35,225.73,227.37,43556068.0,519573.0,227.226809
AAPL,2024-09-25 04:00:00+00:00,224.93,227.29,224.02,226.37,42308715.0,564630.0,225.83909
AAPL,2024-09-26 04:00:00+00:00,227.3,228.5,225.41,227.52,36636707.0,433165.0,227.261165
AAPL,2024-09-27 04:00:00+00:00,228.46,229.52,227.3,227.79,34025967.0,504108.0,228.171141
AAPL,2024-09-30 04:00:00+00:00,230.04,233.0,229.65,233.0,54793391.0,710084.0,232.08941
AAPL,2024-10-01 04:00:00+00:00,229.52,229.65,223.74,226.21,63285048.0,832120.0,225.897039
AAPL,2024-10-02 04:00:00+00:00,225.89,227.37,223.02,226.78,32880605.0,504717.0,226.043352
AAPL,2024-10-03 04:00:00+00:00,225.14,226.805,223.32,225.67,34044158.0,516347.0,225.007676
AAPL,2024-10-04 04:00:00+00:00,227.9,228.0,224.13,226.8,37345098.0,558162.0,225.839189
AAPL,2024-10-07 04:00:00+00:00,224.5,225.69,221.33,221.69,39505354.0,607240.0,223.321699
AAPL,2024-10-08 04:00:00+00:00,224.3,225.98,223.25,225.77,31855693.0,495518.0,225.170803
AAPL,2024-10-09 04:00:00+00:00,225.23,229.75,224.83,229.54,33591091.0,519279.0,228.293881
AAPL,2024-10-10 04:00:00+00:00,227.78,229.5,227.17,229.04,28183544.0,446857.0,228.576787
AAPL,2024-10-11 04:00:00+00:00,229.3,229.41,227.34,227.55,31759188.0,485460.0,228.020953
AAPL,2024-10-14 04:00:00+00:00,228.7,231.73,228.6,231.3,39882085.0,580529.0,230.728854
AAPL,2024-10-15 04:00:00+00:00,233.61,237.49,232.37,233.85,64751367.0,827530.0,234.893394
AAPL,2024-10-16 04:00:00+00:00,231.6,232.12,229.84,231.78,34082240.0,551097.0,231.060277
AAPL,2024-10-17 04:00:00+00:00,233.43,233.85,230.52,232.15,32993810.0,487630.0,232.056313
AAPL,2024-10-18 04:00:00+00:00,236.18,236.18,234.01,235.0,46431472.0,562502.0,235.252634
AAPL,2024-10-21 04:00:00+00:00,234.45,236.85,234.45,236.48,36254470.0,538692.0,235.991167
AAPL,2024-10-22 04:00:00+00:00,233.885,236.22,232.6,235.86,38846578.0,489180.0,234.775329
AAPL,2024-10-23 04:00:00+00:00,234.08,235.144,227.76,230.76,52286979.0,722059.0,231.134978
AAPL,2024-10-24 04:00:00+00:00,229.98,230.82,228.41,230.57,31109503.0,490815.0,230.056502
AAPL,2024-10-25 04:00:00+00:00,229.74,233.22,229.57,231.41,38802304.0,551681.0,231.703642
AAPL,2024-10-28 04:00:00+00:00,233.32,234.73,232.55,233.4,36087134.0,557146.0,233.654245
AAPL,2024-10-29 04:00:00+00:00,233.1,234.325,232.32,233.67,35417247.0,484094.0,233.602577
AAPL,2024-10-30 04:00:00+00:00,232.61,233.47,229.55,230.1,47070907.0,593652.0,230.82421
AAPL,2024-10-31 04:00:00+00:00,229.34,229.83,225.37,225.91,64370086.0,767895.0,227.038381
AAPL,2024-11-01 04:00:00+00:00,220.965,225.35,220.27,222.91,65276741.0,859117.0,222.804987
AAPL,2024-11-04 05:00:00+00:00,220.99,222.79,219.71,222.01,44944468.0,647168.0,221.767417
AAPL,2024-11-05 05:00:00+00:00,221.795,223.95,221.14,223.45,28111338.0,502059.0,223.110799
AAPL,2024-11-06 05:00:00+00:00,222.61,226.065,221.19,222.72,54561121.0,796635.0,223.789045
AAPL,2024-11-07 05:00:00+00:00,224.625,227.875,224.57,227.48,42137691.0,623242.0,226.79628
AAPL,2024-11-08 05:00:00+00:00,227.17,228.66,226.405,226.96,38328824.0,541125.0,227.235239
AAPL,2024-11-11 05:00:00+00:00,225.0,225.7,221.5,224.23,42005602.0,555127.0,223.397808
AAPL,2024-11-12 05:00:00+00:00,224.55,225.59,223.355,224.23,40398299.0,462612.0,224.377658
AAPL,2024-11-13 05:00:00+00:00,224.01,226.65,222.76,225.12,48566217.0,467219.0,224.935939
AAPL,2024-11-14 05:00:00+00:00,225.02,228.87,225.0,228.22,44923941.0,492068.0,227.454246
AAPL,2024-11-15 05:00:00+00:00,226.4,226.92,224.27,225.0,47923696.0,451319.0,225.147593
AAPL,2024-11-18 05:00:00+00:00,225.25,229.74,225.17,228.02,44691859.0,437922.0,228.036169
AAPL,2024-11-19 05:00:00+00:00,226.98,230.16,226.66,228.28,36211774.0,365242.0,228.651147
AAPL,2024-11-20 05:00:00+00:00,228.06,229.93,225.89,229.0,35230059.0,357481.0,228.019292
AAPL,2024-11-21 05:00:00+00:00,228.88,230.155,225.7103,228.52,42108327.0,431685.0,228.439064
AAPL,2024-11-22 05:00:00+00:00,228.06,230.7199,228.06,229.87,38168252.0,380624.0,229.692547
AAPL,2024-11-25 05:00:00+00:00,231.46,233.245,229.74,232.87,90152832.0,510698.0,232.405006
AAPL,2024-11-26 05:00:00+00:00,233.33,235.57,233.33,235.06,45986189.0,450015.0,234.821331
AAPL,2024-11-27 05:00:00+00:00,234.465,235.69,233.8101,234.93,33498439.0,339860.0,234.806483
AAPL,2024-11-29 05:00:00+00:00,234.805,237.81,233.97,237.33,28481377.0,268955.0,236.570409
AAPL,2024-12-02 05:00:00+00:00,237.27,240.79,237.16,239.59,48137103.0,469685.0,239.520954
AAPL,2024-12-03 05:00:00+00:00,239.81,242.76,238.9,242.65,38861017.0,419384.0,241.628776
AAPL,2024-12-04 05:00:00+00:00,242.87,244.11,241.25,243.01,44383935.0,406663.0,242.952411
AAPL,2024-12-05 05:00:00+00:00,243.99,244.54,242.13,243.04,40033878.0,401262.0,243.055
AAPL,2024-12-06 05:00:00+00:00,242.905,244.63,242.08,242.84,36870619.0,366549.0,243.211621
AAPL,2024-12-09 05:00:00+00:00,241.83,247.24,241.75,246.75,44649232.0,500769.0,245.992267
AAPL,2024-12-10 05:00:00+00:00,246.89,248.21,245.34,247.77,36914806.0,423350.0,247.266088
AAPL,2024-12-11 05:00:00+00:00,247.96,250.8,246.2601,246.49,45205814.0,455625.0,248.24955
AAPL,2024-12-12 05:00:00+00:00,246.89,248.74,245.68,247.96,32777532.0,353012.0,247.765941
AAPL,2024-12-13 05:00:00+00:00,247.815,249.2902,246.24,248.13,33155290.0,349810.0,247.74208
AAPL,2024-12-16 05:00:00+00:00,247.99,251.38,247.65,251.04,51694753.0,448224.0,250.490096
AAPL,2024-12-17 05:00:00+00:00,250.08,253.83,249.78,253.48,51356360.0,487662.0,253.010532
AAPL,2024-12-18 05:00:00+00:00,252.16,254.28,247.74,248.05,56774101.0,564347.0,250.488225
AAPL,2024-12-19 05:00:00+00:00,247.5,252.0,247.0949,249.79,60882264.0,532896.0,249.866349
AAPL,2024-12-20 05:00:00+00:00,248.04,255.0,245.69,254.49,147495267.0,551019.0,252.59909
AAPL,2024-12-23 05:00:00+00:00,254.77,255.65,253.45,255.27,40858774.0,422563.0,254.713849
AAPL,2024-12-24 05:00:00+00:00,255.49,258.21,255.29,258.2,23234705.0,245932.0,257.452942
AAPL,2024-12-26 05:00:00+00:00,258.19,260.1,257.63,259.02,27262983.0,362325.0,258.937766
AAPL,2024-12-27 05:00:00+00:00,257.83,258.7,253.06,255.59,42355321.0,474899.0,255.255129
AAPL,2024-12-30 05:00:00+00:00,252.23,253.5,250.75,252.2,35557542.0,421634.0,252.228327
AAPL,2024-12-31 05:00:00+00:00,252.44,253.28,249.43,250.42,39480718.0,361255.0,250.721619
AAPL,2025-01-02 05:00:00+00:00,248.93,249.1,241.8201,243.85,55740731.0,685448.0,244.339399
AAPL,2025-01-03 05:00:00+00:00,243.36,244.18,241.89,243.36,40244114.0,493786.0,243.069441
AAPL,2025-01-06 05:00:00+00:00,244.31,247.33,243.2,245.0,45045571.0,493920.0,245.23906
AAPL,2025-01-07 05:00:00+00:00,242.98,245.55,241.35,242.21,40855960.0,462887.0,243.011137
AAPL,2025-01-08 05:00:00+00:00,241.92,243.7123,240.05,242.7,37628940.0,406916.0,242.272854
AAPL,2025-01-10 05:00:00+00:00,240.01,240.16,233.0,236.85,61710856.0,685976.0,236.564899
AAPL,2025-01-13 05:00:00+00:00,233.53,234.67,229.72,234.4,49630725.0,561231.0,232.601034
AAPL,2025-01-14 05:00:00+00:00,234.75,236.12,232.472,233.28,39435294.0,436333.0,233.949347
AAPL,2025-01-15 05:00:00+00:00,234.635,238.96,234.43,237.87,39831969.0,418804.0,237.596688
AAPL,2025-01-16 05:00:00+00:00,237.35,238.01,228.03,228.26,71759052.0,786112.0,230.597381
AAPL,2025-01-17 05:00:00+00:00,232.115,232.29,228.48,229.98,68488301.0,579302.0,230.573333
AAPL,2025-01-21 05:00:00+00:00,224.0,224.42,219.38,222.64,98070429.0,1220197.0,221.551566
AAPL,2025-01-22 05:00:00+00:00,219.79,224.12,219.79,223.83,64126500.0,683037.0,222.720781
AAPL,2025-01-23 05:00:00+00:00,224.74,227.03,222.3,223.66,60234760.0,619806.0,224.1898
AAPL,2025-01-24 05:00:00+00:00,224.78,225.63,221.41,222.78,54697907.0,579473.0,223.094438
AAPL,2025-01-27 05:00:00+00:00,224.02,232.15,223.98,229.86,94863418.0,1008209.0,229.066419
AAPL,2025-01-28 05:00:00+00:00,230.85,240.19,230.81,238.26,75707569.0,788818.0,237.590259
AAPL,2025-01-29 05:00:00+00:00,234.12,239.855,234.01,239.36,45486100.0,515214.0,237.532995
AAPL,2025-01-30 05:00:00+00:00,238.665,240.79,237.21,237.59,55658279.0,636380.0,238.666258
AAPL,2025-01-31 05:00:00+00:00,247.19,247.19,233.44,236.0,101075128.0,936710.0,238.739716
AAPL,2025-02-03 05:00:00+00:00,229.99,231.83,225.7,228.01,72998404.0,850831.0,228.158376
AAPL,2025-02-04 05:00:00+00:00,227.25,233.13,226.65,232.8,44902694.0,494709.0,231.209491
AAPL,2025-02-05 05:00:00+00:00,228.53,232.67,228.27,232.47,39664989.0,445631.0,230.958037
AAPL,2025-02-06 05:00:00+00:00,231.285,233.8,230.425,233.22,29925349.0,375401.0,232.379795
AAPL,2025-02-07 05:00:00+00:00,232.6,234.0,227.26,227.63,39487057.0,484221.0,229.183241
AAPL,2025-02-10 05:00:00+00:00,229.57,230.585,227.2,227.65,33102191.0,398008.0,228.551097
AAPL,2025-02-11 05:00:00+00:00,228.2,235.23,228.13,232.62,53718362.0,552127.0,232.735086
AAPL,2025-02-12 05:00:00+00:00,231.2,236.96,230.68,236.87,45243292.0,486475.0,235.145378
AAPL,2025-02-13 05:00:00+00:00,236.91,242.3399,235.57,241.53,53614054.0,531132.0,240.36593
AAPL,2025-02-14 05:00:00+00:00,241.25,245.55,240.99,244.6,40896227.0,481732.0,244.066726
AAPL,2025-02-18 05:00:00+00:00,244.15,245.18,241.84,244.47,48822491.0,486720.0,244.072787
AAPL,2025-02-19 05:00:00+00:00,244.66,246.01,243.1604,244.87,32146308.0,382617.0,244.699147
AAPL,2025-02-20 05:00:00+00:00,244.94,246.78,244.29,245.83,32316907.0,405771.0,245.643641
AAPL,2025-02-21 05:00:00+00:00,245.95,248.69,245.22,245.55,53197431.0,508398.0,246.384922
AAPL,2025-02-24 05:00:00+00:00,244.925,248.86,244.42,247.1,51326396.0,593130.0,247.302823
AAPL,2025-02-25 05:00:00+00:00,248.0,250.0,244.91,247.04,48013272.0,574045.0,247.548096
AAPL,2025-02-26 05:00:00+00:00,244.33,244.98,239.13,240.36,44433564.0,557242.0,241.664944
AAPL,2025-02-27 05:00:00+00:00,239.41,242.46,237.06,237.3,41153639.0,503479.0,239.443587
AAPL,2025-02-28 05:00:00+00:00,236.95,242.09,230.2,241.84,56833360.0,572585.0,239.403148
AAPL,2025-03-03 05:00:00+00:00,241.79,244.0272,236.112,238.03,47183985.0,557039.0,239.978276
AAPL,2025-03-04 05:00:00+00:00,237.705,240.07,234.68,235.93,53798062.0,685400.0,237.505567
AAPL,2025-03-05 05:00:00+00:00,235.42,236.55,229.23,235.74,47227643.0,558645.0,233.781766
AAPL,2025-03-06 05:00:00+00:00,234.435,237.86,233.1581,235.33,45170419.0,551790.0,235.298577
AAPL,2025-03-07 05:00:00+00:00,235.105,241.37,234.76,239.07,46273565.0,581196.0,238.940422
AAPL,2025-03-10 04:00:00+00:00,235.54,236.16,224.22,227.48,72071197.0,1152721.0,227.623563
AAPL,2025-03-11 04:00:00+00:00,223.805,225.8399,217.45,220.84,76137410.0,899698.0,221.096091
AAPL,2025-03-12 04:00:00+00:00,220.14,221.75,214.91,216.98,62547467.0,792931.0,217.596761
AAPL,2025-03-13 04:00:00+00:00,215.95,216.8394,208.42,209.68,61368330.0,768934.0,212.024245
AAPL,2025-03-14 04:00:00+00:00,211.25,213.95,209.58,213.49,60107582.0,668917.0,212.466779
AAPL,2025-03-17 04:00:00+00:00,213.31,215.22,209.97,214.0,48073426.0,577436.0,213.202242
AAPL,2025-03-18 04:00:00+00:00,214.16,215.15,211.49,212.69,42432426.0,493004.0,213.10947
AAPL,2025-03-19 04:00:00+00:00,214.22,218.76,213.75,215.24,54385391.0,524678.0,215.609629
AAPL,2025-03-20 04:00:00+00:00,213.99,217.4899,212.22,214.1,48862947.0,499769.0,214.396693
AAPL,2025-03-21 04:00:00+00:00,211.56,218.84,211.28,218.27,94127768.0,496948.0,215.734078
AAPL,2025-03-24 04:00:00+00:00,221.0,221.48,218.58,220.73,44299483.0,495018.0,220.082882
AAPL,2025-03-25 04:00:00+00:00,220.77,224.1,220.08,223.75,34493583.0,407132.0,223.117364
AAPL,2025-03-26 04:00:00+00:00,223.51,225.02,220.47,221.53,34532656.0,440452.0,222.527802
AAPL,2025-03-27 04:00:00+00:00,221.39,224.99,220.5601,223.85,37094774.0,387119.0,223.354994
AAPL,2025-03-28 04:00:00+00:00,221.67,223.81,217.68,217.9,39818617.0,485185.0,219.364708
AAPL,2025-03-31 04:00:00+00:00,217.005,225.62,216.23,222.13,65298894.0,646558.0,220.644612
AAPL,2025-04-01 04:00:00+00:00,219.805,223.68,218.9,223.19,36412740.0,594670.0,222.333555
AAPL,2025-04-02 04:00:00+00:00,221.315,225.19,221.02,223.89,35905904.0,473114.0,223.770488
AAPL,2025-04-03 04:00:00+00:00,205.54,207.49,201.25,203.19,103418915.0,1366636.0,204.016333
AAPL,2025-04-04 04:00:00+00:00,193.89,199.88,187.34,188.38,125908914.0,1716108.0,192.430879
AAPL,2025-04-07 04:00:00+00:00,177.2,194.15,174.62,181.46,160466286.0,2117015.0,180.47395
AAPL,2025-04-08 04:00:00+00:00,186.7,190.335,169.2101,172.42,120853216.0,1671395.0,179.164809
AAPL,2025-04-09 04:00:00+00:00,171.95,200.61,171.89,198.85,184386792.0,2212850.0,188.345233
AAPL,2025-04-10 04:00:00+00:00,189.065,194.7799,183.0,190.42,121879981.0,1500041.0,189.875437
AAPL,2025-04-11 04:00:00+00:00,186.1,199.54,186.06,198.15,87435915.0,1073191.0,195.686718
AAPL,2025-04-14 04:00:00+00:00,211.44,212.94,201.1621,202.52,101352911.0,1272714.0,205.417854
AAPL,2025-04-15 04:00:00+00:00,201.855,203.51,199.8,202.14,51343872.0,595846.0,202.184277
AAPL,2025-04-16 04:00:00+00:00,198.36,200.7,192.37,194.27,59732423.0,744249.0,195.847681
AAPL,2025-04-17 04:00:00+00:00,197.2,198.8335,194.42,196.98,52164408.0,537912.0,196.897749
AAPL,2025-04-21 04:00:00+00:00,193.265,193.8,189.8112,193.16,46742537.0,576340.0,191.966857
AAPL,2025-04-22 04:00:00+00:00,196.12,201.59,195.97,199.74,52976297.0,608787.0,199.219833
AAPL,2025-04-23 04:00:00+00:00,206.0,208.0,202.799,204.6,52929165.0,664354.0,205.344795
AAPL,2025-04-24 04:00:00+00:00,204.89,208.8299,202.94,208.37,47310989.0,490831.0,207.133886
AAPL,2025-04-25 04:00:00+00:00,206.365,209.75,206.2,209.28,38222258.0,469917.0,208.424899
AAPL,2025-04-28 04:00:00+00:00,210.0,211.5,207.46,210.14,38743074.0,436969.0,209.664384
AAPL,2025-04-29 04:00:00+00:00,208.693,212.24,208.37,211.21,36827633.0,403524.0,211.011514
AAPL,2025-04-30 04:00:00+00:00,209.3,213.58,206.6705,212.5,52286454.0,501667.0,211.321946
AAPL,2025-05-01 04:00:00+00:00,209.08,214.56,208.9,213.32,57365675.0,712566.0,212.465753
AAPL,2025-05-02 04:00:00+00:00,206.09,206.99,202.16,205.35,101010621.0,1100613.0,204.784489
AAPL,2025-05-05 04:00:00+00:00,203.1,204.1,198.21,198.89,69018452.0,770697.0,199.723715
AAPL,2025-05-06 04:00:00+00:00,198.21,200.65,197.02,198.51,51216482.0,529849.0,198.863683
AAPL,2025-05-07 04:00:00+00:00,199.17,199.44,193.25,196.25,68616943.0,753075.0,195.89945
AAPL,2025-05-08 04:00:00+00:00,197.72,200.05,194.6796,197.49,50478872.0,599001.0,197.774244
AAPL,2025-05-09 04:00:00+00:00,199.0,200.5399,197.535,198.53,36453923.0,423067.0,198.727532
AAPL,2025-05-12 04:00:00+00:00,210.97,211.2679,206.75,210.79,63775814.0,806841.0,209.671497
AAPL,2025-05-13 04:00:00+00:00,210.43,213.4,209.0,212.93,51909332.0,608884.0,211.920893
AAPL,2025-05-14 04:00:00+00:00,212.43,213.94,210.5801,212.33,49325825.0,596267.0,212.274905
AAPL,2025-05-15 04:00:00+00:00,210.95,212.96,209.54,211.45,45029473.0,550863.0,211.302042
AAPL,2025-05-16 04:00:00+00:00,212.36,212.57,209.77,211.26,54737850.0,512788.0,211.318133
AAPL,2025-05-19 04:00:00+00:00,207.91,209.48,204.26,208.78,46140527.0,617742.0,207.544666
AAPL,2025-05-20 04:00:00+00:00,207.67,208.47,205.03,206.86,42496635.0,511393.0,207.012839
AAPL,2025-05-21 04:00:00+00:00,205.17,207.04,200.71,202.09,59211774.0,783994.0,203.41488
AAPL,2025-05-22 04:00:00+00:00,200.71,202.75,199.7,201.36,46742407.0,615608.0,201.381366
AAPL,2025-05-23 04:00:00+00:00,193.665,197.7,193.46,195.27,78432918.0,1035410.0,195.921086
AAPL,2025-05-27 04:00:00+00:00,198.3,200.74,197.43,200.21,56288475.0,710445.0,199.536657
AAPL,2025-05-28 04:00:00+00:00,200.59,202.73,199.9,200.42,45339678.0,549615.0,200.829719
AAPL,2025-05-29 04:00:00+00:00,203.575,203.81,198.51,199.95,51477938.0,652509.0,200.374911
AAPL,2025-05-30 04:00:00+00:00,199.37,201.96,196.78,200.85,70819942.0,605924.0,199.860142
AAPL,2025-06-02 04:00:00+00:00,200.28,202.13,200.12,201.7,35423294.0,501431.0,201.213591
AAPL,2025-06-03 04:00:00+00:00,201.35,203.77,200.955,203.27,46381567.0,519820.0,202.782254
AAPL,2025-06-04 04:00:00+00:00,202.91,206.24,202.1,202.82,43603985.0,568214.0,203.716632
AAPL,2025-06-05 04:00:00+00:00,203.5,204.75,200.15,200.63,55221235.0,637645.0,201.868062
AAPL,2025-06-06 04:00:00+00:00,203.0,205.7,202.05,203.92,46607693.0,556357.0,204.114905
AAPL,2025-06-09 04:00:00+00:00,204.39,206.0,200.02,201.45,72862557.0,860118.0,202.490754
AAPL,2025-06-10 04:00:00+00:00,200.6,204.35,200.57,202.67,54672608.0,611323.0,202.546622
AAPL,2025-06-11 04:00:00+00:00,203.5,204.5,198.41,198.78,60989857.0,770310.0,200.489444
AAPL,2025-06-12 04:00:00+00:00,199.08,199.68,197.3601,199.2,43904635.0,541843.0,198.668035
AAPL,2025-06-13 04:00:00+00:00,199.73,200.37,195.7,196.45,51447349.0,716210.0,197.004454
AAPL,2025-06-16 04:00:00+00:00,197.3,198.685,196.5636,198.42,43020691.0,568354.0,197.888661
AAPL,2025-06-17 04:00:00+00:00,197.2,198.39,195.21,195.64,38856152.0,522902.0,196.52036
AAPL,2025-06-18 04:00:00+00:00,195.94,197.57,195.07,196.58,45394689.0,520881.0,196.454302
AAPL,2025-06-20 04:00:00+00:00,198.235,201.7,196.855,201.0,96813542.0,680915.0,199.755548
AAPL,2025-06-23 04:00:00+00:00,201.625,202.3,198.96,201.5,55814272.0,618980.0,201.156272
AAPL,2025-06-24 04:00:00+00:00,202.59,203.44,200.2,200.3,54064033.0,666917.0,201.407206
AAPL,2025-06-25 04:00:00+00:00,201.45,203.67,200.6201,201.56,39525730.0,514978.0,201.806037
AAPL,2025-06-26 04:00:00+00:00,201.43,202.64,199.46,201.0,50799121.0,622887.0,200.611564
AAPL,2025-06-27 04:00:00+00:00,201.89,203.22,200.0,201.08,73188571.0,596078.0,201.460865
AAPL,2025-06-30 04:00:00+00:00,202.01,207.39,199.2607,205.17,91912816.0,914593.0,203.385379
AAPL,2025-07-01 04:00:00+00:00,206.665,210.1865,206.1401,207.82,78788867.0,970491.0,208.197107
AAPL,2025-07-02 04:00:00+00:00,208.91,213.34,208.14,212.44,67941811.0,798402.0,211.791667
AAPL,2025-07-03 04:00:00+00:00,212.145,214.65,211.8101,213.55,34955836.0,432780.0,213.610276
AAPL,2025-07-07 04:00:00+00:00,212.68,216.23,208.8,209.95,50228984.0,670324.0,211.178545
AAPL,2025-07-08 04:00:00+00:00,210.1,211.43,208.45,210.01,42848928.0,512140.0,209.909746
AAPL,2025-07-09 04:00:00+00:00,209.53,211.33,207.22,211.14,48749367.0,590796.0,209.522103
AAPL,2025-07-10 04:00:00+00:00,210.505,213.48,210.03,212.41,44443634.0,545130.0,212.263512
AAPL,2025-07-11 04:00:00+00:00,210.565,212.13,209.86,211.16,39765812.0,431665.0,211.018793
AAPL,2025-07-14 04:00:00+00:00,209.925,210.91,207.54,208.62,38840111.0,525534.0,208.757364
AAPL,2025-07-15 04:00:00+00:00,209.22,211.89,208.92,209.11,42296339.0,526311.0,210.153548
AAPL,2025-07-16 04:00:00+00:00,210.295,212.4,208.64,210.16,47483372.0,535726.0,210.422945
AAPL,2025-07-17 04:00:00+00:00,210.57,211.8,209.59,210.02,48067750.0,574969.0,210.556305
AAPL,2025-07-18 04:00:00+00:00,210.87,211.79,209.7045,211.18,48972900.0,478837.0,210.88438
AAPL,2025-07-21 04:00:00+00:00,212.1,215.78,211.63,212.48,51377434.0,651657.0,213.488308
AAPL,2025-07-22 04:00:00+00:00,213.14,214.95,212.2301,214.4,46404072.0,549182.0,213.663056
AAPL,2025-07-23 04:00:00+00:00,215.0,215.15,212.41,214.15,46989301.0,497904.0,213.736683
AAPL,2025-07-24 04:00:00+00:00,213.9,215.69,213.53,213.76,46022620.0,505013.0,214.425445
AAPL,2025-07-25 04:00:00+00:00,214.7,215.24,213.4,213.88,40268781.0,409972.0,214.176039
